file,fingerprint,mfcc,chroma,spectral_contrast,tonnetz,spectral_centroid,spectral_bandwidth,spectral_rolloff,zero_crossing_rate,rms,tempo
hoje_a_noite_alone.mp3,309f99b3594ed87e8bc4b2fb4df5e845450ee3062899fbc4cb9c60067d7a1fff,"[-120.32144927978516, 109.95791625976562, -7.8430986404418945, 19.292490005493164, -10.69155216217041, -7.682612419128418, -12.526229858398438, -3.367241144180298, -15.27400016784668, -13.367314338684082, -10.912564277648926, -11.666372299194336, -2.7910358905792236, 2.8325276374816895, 0.03262017294764519, 5.6918535232543945, -6.320307731628418, 0.2998793423175812, -3.63852596282959, -3.413930654525757]","[0.2817037105560303, 0.3433651328086853, 0.17660389840602875, 0.21888582408428192, 0.16048097610473633, 0.2769479751586914, 0.23104608058929443, 0.1792951226234436, 0.34597864747047424, 0.24331575632095337, 0.4889160692691803, 0.21292275190353394]","[16.579019361158377, 19.281484363819356, 23.52123846022166, 23.30555401094616, 23.191933663476632, 22.99741684422658, 50.22972803289786]","[-0.21315080099894126, 0.02458746450083022, -0.06591617301086278, -0.024817358926601925, 0.01629409277734954, 0.001137177062533786]",1911.5160232730052,2102.2300370335274,3900.2930821279992,0.08584415211397059,0.16567972,172.265625
