file,fingerprint,mfcc,chroma,spectral_contrast,tonnetz,spectral_centroid,spectral_bandwidth,spectral_rolloff,zero_crossing_rate,rms,tempo
carrie.mp3,9f0b2a300576d772168cfe240f8377053a7c77289999fde82a538088b9effe51,"[-221.96253967285156, 132.45997619628906, -41.3593635559082, 20.068967819213867, -8.738049507141113, -4.449990749359131, -4.841808319091797, -2.726191759109497, -6.27294921875, -0.47859087586402893, -2.557755470275879, -0.2526220679283142, -2.759758234024048, 0.3978974521160126, -4.515250205993652, -0.6102904677391052, -6.228723526000977, -1.855238914489746, 3.063922643661499, 7.773933410644531]","[0.3241628110408783, 0.173183411359787, 0.39570602774620056, 0.14522117376327515, 0.26708874106407166, 0.11695649474859238, 0.32008612155914307, 0.47733017802238464, 0.14254671335220337, 0.21710027754306793, 0.143451526761055, 0.39694586396217346]","[26.08833379112315, 20.60922590963247, 24.899365982365346, 25.80481145052768, 27.50712480186495, 30.452094936092237, 50.37774507145194]","[0.33685338391105435, 0.04500966560053979, 0.14434030293285174, 0.007456406057111457, 0.00816027350197923, 0.0045725113330928125]",1689.2460694431122,1632.0140862058533,3119.2894714166505,0.11458812040441177,0.0681539,135.99917763157896
the_final_countdown.mp3,ae920916ca560fdf088887fd233162c5f5834f4c2b1f96d0d16bd9ad05c33e87,"[-223.38685607910156, 141.91648864746094, -0.49266594648361206, 27.002164840698242, 5.057122707366943, 12.548988342285156, 5.1765947341918945, 8.133856773376465, 1.6479730606079102, 6.752171039581299, 2.3243978023529053, 6.315401554107666, 4.668288707733154, 8.118810653686523, 4.328464984893799, 4.440054893493652, 0.4124700129032135, 4.0391926765441895, 1.6991333961486816, 1.2443114519119263]","[0.44274988770484924, 0.5609778165817261, 0.5314258933067322, 0.3753316402435303, 0.36742454767227173, 0.37991610169410706, 0.5301535129547119, 0.3566092550754547, 0.38561224937438965, 0.46031901240348816, 0.4031507670879364, 0.4886183738708496]","[24.992602584121258, 14.677827114181662, 18.0701999529098, 18.10726296923872, 19.025995517506356, 19.817906982107033, 48.793790149166306]","[0.06996749712785982, -0.10667171551588642, -0.02398685650862557, -0.09230918149556112, -0.0396699211748623, 0.020410588386882356]",1250.039950698733,1685.2715844767451,2601.084271599265,0.04918904496420279,0.072592705,117.45383522727273
