file,fingerprint,mfcc,chroma,spectral_contrast,tonnetz,spectral_centroid,spectral_bandwidth,spectral_rolloff,zero_crossing_rate,rms,tempo
xote_dos_milagres.mp3,8e44a8f8500c43f389f22db08077b6ea2bc6d5babd13c328ad22b9a92d64a6a7,"[-137.23696899414062, 51.85215377807617, -1.6042321920394897, 36.69499969482422, 11.24913215637207, 5.022613048553467, -4.648979663848877, -2.0579373836517334, -2.1658902168273926, 0.15949223935604095, -6.894838333129883, 3.7258739471435547, -5.407570838928223, -0.9069119095802307, -4.45424747467041, -2.3319272994995117, -5.958183288574219, -1.1386359930038452, -0.9157034754753113, -0.25825294852256775]","[0.3655830919742584, 0.41740894317626953, 0.47727343440055847, 0.2887275815010071, 0.409705251455307, 0.20899181067943573, 0.34917891025543213, 0.3839934468269348, 0.2730705440044403, 0.51019287109375, 0.28171202540397644, 0.3759143054485321]","[22.05999010759513, 17.009677896950766, 21.377595206062797, 21.320847991620116, 23.46335461307106, 23.565143575282647, 51.035048723961935]","[0.15346335692166718, -0.017818308850793583, -0.04606113190965987, -0.015315046888594511, 0.02570813471661486, -9.743108207951775e-05]",2855.2415681086413,2649.3602969692315,5916.047559803115,0.167816445554373,0.095209815,161.4990234375
rindo_a_toa.mp3,55130d47cbe04bd209ed687dba6cf99b5057da969ad9c92d0ce891cfef320682,"[-150.0458526611328, 40.64476013183594, 13.595016479492188, 20.422494888305664, -10.660445213317871, 5.726922512054443, -2.5042593479156494, -5.1502203941345215, -9.8963623046875, -8.125100135803223, -4.689507007598877, -1.2929209470748901, -8.32729434967041, -4.053606986999512, -3.8477704524993896, -2.788559913635254, -5.758571147918701, 0.2618604302406311, 0.5665392279624939, 1.324363350868225]","[0.28936100006103516, 0.33015260100364685, 0.47507163882255554, 0.3122795820236206, 0.41416946053504944, 0.23604059219360352, 0.41368576884269714, 0.39303258061408997, 0.21216711401939392, 0.28429120779037476, 0.21337489783763885, 0.3975716829299927]","[23.515472418184654, 17.939747525765984, 22.014363399103996, 21.665262924757766, 23.30311322446703, 22.852159538189238, 51.061797760644666]","[0.20080401256420666, -0.03367337358962366, 0.07122613555728671, -0.03412624562213968, 0.009718149021409677, -0.025953406921530926]",3352.5675208671933,2902.5551402429014,6902.816592945772,0.19924785035313466,0.08690796047449112,107.666015625
