file,fingerprint,mfcc,chroma,spectral_contrast,tonnetz,spectral_centroid,spectral_bandwidth,spectral_rolloff,zero_crossing_rate,rms,tempo
planeta_de_cores.mp3,5724538d192bdfe3fd4a62ded0d56237725483b7938cdd9d79b2b979d73d6d10,"[-116.20943450927734, 95.15174865722656, 27.56295394897461, 41.67585372924805, 19.56421661376953, 15.38782787322998, 0.33578047156333923, 4.298165321350098, -1.7800235748291016, 1.122850775718689, -7.941137313842773, -2.5834546089172363, -6.794911861419678, -0.7664284110069275, -9.156289100646973, -2.657400131225586, -8.927556037902832, 0.765864908695221, -0.35872676968574524, 5.2720947265625]","[0.29229867458343506, 0.23353689908981323, 0.34876495599746704, 0.2511823773384094, 0.2892015874385834, 0.39946070313453674, 0.34705650806427, 0.5374161601066589, 0.3901648223400116, 0.43345409631729126, 0.37154266238212585, 0.2983649969100952]","[18.23807992124625, 17.1760916041719, 21.492961520887498, 21.52144919618986, 22.774108959171002, 21.40958570812706, 48.10511462048275]","[0.20693651390809348, 0.2075905851552539, 0.052511551231794594, -0.07308007657618758, 0.009990142177097204, -0.019817986451348787]",1880.0637886513225,2421.0568468201086,4256.357595721265,0.0707002527573529,0.18691951,123.046875
voce_fugiu_de_mim.mp3,c554d23d1f6ff9e20698505e4f83940c67ab46d8ca76220b0f2d9cc8b35b72cb,"[-29.865631103515625, 97.54474639892578, 11.709190368652344, 33.0913200378418, 3.7054004669189453, 2.5155301094055176, -5.613546371459961, -3.2318179607391357, -3.9675655364990234, -1.5388922691345215, -4.872432708740234, -1.618948221206665, -3.9136264324188232, 0.032763972878456116, -4.853430271148682, 0.9758135676383972, -5.918308734893799, -0.9034973978996277, -4.552088260650635, 0.20725059509277344]","[0.30648383498191833, 0.38779309391975403, 0.25377005338668823, 0.34177014231681824, 0.4111177921295166, 0.2578437328338623, 0.41916635632514954, 0.3013761341571808, 0.4391172528266907, 0.35204702615737915, 0.3335808217525482, 0.47271865606307983]","[15.779906412261663, 14.833397175467654, 19.475821175717286, 19.27947029691529, 21.169204245852292, 20.148336223584764, 46.22529618173853]","[-0.0033734806549484847, -0.10600299260915037, -0.000735873029201432, 0.025521639012226986, 0.005491265938484751, -0.0005397583644883309]",2154.7272250611613,2492.2134756804444,4823.5791658100325,0.09875412695917182,0.27190348505973816,123.046875
