file,fingerprint,mfcc,chroma,spectral_contrast,tonnetz,spectral_centroid,spectral_bandwidth,spectral_rolloff,zero_crossing_rate,rms,tempo
songbird.mp3,73319dc4464e919c57a9eda6e4764a9bdad92f0450cefc212b7478341f988041,"[-249.0596923828125, 116.03993225097656, 34.22748947143555, 16.522430419921875, 1.7032108306884766, 12.917941093444824, -0.1492428183555603, 12.093045234680176, 2.87888765335083, -3.8966569900512695, -6.930630683898926, 1.2987581491470337, -7.6165361404418945, -2.5416488647460938, 2.539215326309204, 5.198374271392822, -5.258180618286133, 1.7370238304138184, -4.0471601486206055, -6.644508361816406]","[0.37990787625312805, 0.2219974547624588, 0.4244209825992584, 0.2512437701225281, 0.42321544885635376, 0.19290781021118164, 0.2049892395734787, 0.336015522480011, 0.3600403368473053, 0.5267447829246521, 0.35281020402908325, 0.6274392604827881]","[20.189953574498357, 19.955884285067768, 21.702168117651812, 24.9579171122908, 28.012880317391996, 26.0849762108237, 50.08340886102827]","[0.14822065553379327, 0.06224965299114639, 0.005006784492102883, 0.027666958989993547, 0.009955465536365421, 0.0072462724232700195]",1653.1460461400704,2227.1271111788387,3590.1032911365614,0.06743496637964397,0.06416167,135.99917763157896
