file,fingerprint,mfcc,chroma,spectral_contrast,tonnetz,spectral_centroid,spectral_bandwidth,spectral_rolloff,zero_crossing_rate,rms,tempo
porque_nao_ve.mp3,adacf0c83f480163ab06ae81ee6257236babbf4ec848ad8826f88fdee45440b8,"[-268.75860595703125, 75.87043762207031, -29.95455551147461, 11.427813529968262, -3.834014654159546, 0.3119281828403473, -1.9427639245986938, -6.6335577964782715, -10.155282020568848, 0.6430914402008057, -5.055842876434326, -4.589137077331543, -9.446813583374023, -10.412703514099121, -9.079401969909668, -0.8599086403846741, 1.723677396774292, -0.7340261936187744, -6.026776313781738, -4.637105941772461]","[0.3060741424560547, 0.1878174990415573, 0.21113215386867523, 0.24553802609443665, 0.37314870953559875, 0.2082747220993042, 0.2784733772277832, 0.430626779794693, 0.24847190082073212, 0.33291420340538025, 0.18057948350906372, 0.21350078284740448]","[23.47206057980825, 18.039753486031778, 22.942518379205406, 23.331454211651074, 23.010039860193466, 24.672605836340594, 49.79015852201325]","[0.20472993477564136, 0.0995492709971366, 0.05607274879714757, 0.11058654046084734, 0.02141107500329986, 0.012705233862470239]",2168.7764956130122,1930.7146820170374,4002.775795762384,0.12493915380708204,0.070211075,151.99908088235293
